product_category;name;part_description;brand;alternative_ids;price;quantity;condition;product_origin;material;price_b2b
Electronics;Smartphone;Screen Protector;ABC Tech;SP001, SP005;9.99;100;New;OEM;Plastic;8.49
Electronics;Smartphone;Screen Protector;XYZ Inc;SP001, SP007;12.99;150;New;Aftermarket;Glass;11.49
Electronics;Smartphone;Battery;PowerX;BTY101, BTY102;29.99;50;Used;OEM;Lithium-ion;25.49
Electronics;Smartphone;Battery;EnergyTech;BTY101, BTY105;24.99;70;New;Aftermarket;Lithium-ion;20.99
Home Appliances;Vacuum Cleaner;Filter;CleanMaster;FLT201, FLT202;14.99;80;New;Aftermarket;Foam;12.99
Home Appliances;Vacuum Cleaner;Filter;AirPure;FLT201, FLT206;18.99;60;Used;OEM;HEPA;15.99
Home Appliances;Microwave;Turntable;HeatMaster;TT001, TT003;34.99;30;New;OEM;Glass;29.99
Home Appliances;Microwave;Turntable;CookEz;TT001, TT005;27.99;40;New;Aftermarket;Glass;23.99
Automotive;Car Battery;Lead-Acid;PowerVolt;BTY301, BTY305;109.99;20;New;OEM;Lead;94.99
Automotive;Car Battery;Lead-Acid;ChargePro;BTY301, BTY310;119.99;25;New;Aftermarket;Lead;104.99
Automotive;Car Brake Pad;Front;BrakeMax;BP101, BP102;45.99;60;New;OEM;Ceramic;38.99
Automotive;Car Brake Pad;Front;BrakeBest;BP101, BP106;39.99;80;New;Aftermarket;Ceramic;33.99
Electronics;Laptop;Charger;TechPower;CHG201, CHG203;39.99;90;New;Aftermarket;Plastic;35.99
Electronics;Laptop;Charger;PowerUp;CHG201, CHG205;44.99;70;Used;OEM;Plastic;40.99
Electronics;Headphones;Earbuds;SoundBeats;EB101, EB105;19.99;120;New;Aftermarket;Metal;17.99
Electronics;Headphones;Earbuds;AudioPlus;EB101, EB108;24.99;80;Used;OEM;Plastic;22.99
Home Appliances;Refrigerator;Shelf;ChillMaster;SH101, SH102;29.99;40;New;OEM;Glass;25.99
Home Appliances;Refrigerator;Shelf;CoolPro;SH101, SH105;34.99;30;New;Aftermarket;Glass;30.99
Home Appliances;Washing Machine;Filter;WashEasy;FLT301, FLT302;14.99;60;New;OEM;Plastic;12.99
Home Appliances;Washing Machine;Filter;PureWash;FLT301, FLT306;18.99;50;New;Aftermarket;Plastic;15.99
Automotive;Motorcycle Helmet;Full Face;RiderX;HMT101, HMT105;89.99;25;New;OEM;Fiberglass;75.99
Automotive;Motorcycle Helmet;Full Face;SafeRide;HMT101, HMT107;99.99;20;Used;Aftermarket;Polycarbonate;85.99
Automotive;Car Floor Mat;Front;MatMax;MAT501, MAT502;34.99;50;New;OEM;Rubber;28.99
Automotive;Car Floor Mat;Front;FloorPro;MAT501, MAT506;29.99;70;New;Aftermarket;Rubber;24.99
Electronics;Tablet;Stylus Pen;TechDraw;STP001, STP003;12.99;100;New;OEM;Plastic;10.99
Electronics;Tablet;Stylus Pen;ArtWrite;STP001, STP005;16.99;80;Used;Aftermarket;Metal;14.99
Home Appliances;Air Purifier;Filter;PureAir;FLT401, FLT402;24.99;60;New;Aftermarket;HEPA;20.99
Home Appliances;Air Purifier;Filter;CleanAir;FLT401, FLT407;29.99;40;New;OEM;HEPA;25.99
Home Appliances;Coffee Maker;Filter;JavaBrew;FLT501, FLT502;8.99;120;New;Aftermarket;Paper;6.99
Home Appliances;Coffee Maker;Filter;BrewMaster;FLT501, FLT507;12.99;90;New;OEM;Metal;10.99
Automotive;Car Wiper Blades;Front;ClearView;WB101, WB102;18.99;80;New;Aftermarket;Rubber;15.99
Automotive;Car Wiper Blades;Front;WipeTech;WB101, WB105;24.99;50;New;OEM;Rubber;20.99
Electronics;Smartwatch;Charger;WatchPower;CHG101, CHG102;22.99;40;New;OEM;Plastic;19.99
Electronics;Smartwatch;Charger;TimeCharge;CHG101, CHG105;29.99;30;Used;Aftermarket;Metal;25.99
Electronics;Wireless Earbuds;Case;WireFree;CS101, CS102;14.99;60;New;OEM;Plastic;12.99
Electronics;Wireless Earbuds;Case;SoundPod;CS101, CS106;19.99;50;Used;Aftermarket;Metal;16.99
Home Appliances;Blender;Blade;BlendMaster;BLD101, BLD102;11.99;100;New;OEM;Stainless Steel;9.99
Home Appliances;Blender;Blade;SmoothBlend;BLD101, BLD107;14.99;80;New;Aftermarket;Stainless Steel;12.99
Automotive;Car Air Freshener;Vent Clip;FreshAir;CLP201, CLP202;6.99;200;New;Aftermarket;Plastic;5.99
Automotive;Car Air Freshener;Vent Clip;ScentDrive;CLP201, CLP207;9.99;150;Used;OEM;Plastic;8.99
Automotive;Car Seat Cover;Front;ComfortRide;CVR301, CVR302;49.99;50;New;OEM;Leather;42.99
Automotive;Car Seat Cover;Front;DriveStyle;CVR301, CVR306;54.99;40;New;Aftermarket;Leather;46.99
Electronics;Digital Camera;Battery;PowerShot;BTY501, BTY502;24.99;70;New;OEM;Lithium-ion;20.99
Electronics;Digital Camera;Battery;Energize;BTY501, BTY507;29.99;60;Used;Aftermarket;Lithium-ion;25.99
Electronics;Portable Speaker;Charger;MusicBoost;CHG301, CHG302;15.99;90;New;OEM;Plastic;13.99
Electronics;Portable Speaker;Charger;SoundCharge;CHG301, CHG305;19.99;80;Used;Aftermarket;Metal;17.99
Home Appliances;Toaster;Heating Element;ToastPro;HTE101, HTE102;18.99;40;New;OEM;Metal;15.99
Home Appliances;Toaster;Heating Element;HeatWave;HTE101, HTE106;24.99;30;New;Aftermarket;Metal;21.99
Home Appliances;Dishwasher;Cutlery Basket;CleanCaddy;BKT101, BKT102;11.99;80;New;OEM;Plastic;9.99
Home Appliances;Dishwasher;Cutlery Basket;DishEase;BKT101, BKT107;16.99;60;Used;Aftermarket;Plastic;14.99
Automotive;Car Wheel;Alloy;SpeedRacer;WHL201, WHL202;149.99;25;New;OEM;Aluminum;124.99
Automotive;Car Wheel;Alloy;SportX;WHL201, WHL207;169.99;20;Used;Aftermarket;Aluminum;144.99
Automotive;Car Headlight;Bulb;BrightBeam;BLB101, BLB102;9.99;100;New;Aftermarket;Halogen;7.99
Automotive;Car Headlight;Bulb;NightGlow;BLB101, BLB105;14.99;80;New;OEM;Halogen;12.99
Electronics;Power Bank;Cable;PowerLink;CBT201, CBT202;6.99;150;New;Aftermarket;Nylon;5.99
Electronics;Power Bank;Cable;ChargeMate;CBT201, CBT207;9.99;120;Used;OEM;Nylon;8.99
Electronics;Gaming Mouse;Grip;GamerZone;GRP101, GRP102;12.99;80;New;OEM;Rubber;10.99
Electronics;Gaming Mouse;Grip;SwiftGrip;GRP101, GRP106;16.99;70;New;Aftermarket;Rubber;14.99
Home Appliances;Oven;Heating Element;HeatWave;HTE201, HTE202;24.99;50;New;Aftermarket;Metal;20.99
Home Appliances;Oven;Heating Element;MasterHeat;HTE201, HTE207;29.99;40;Used;OEM;Metal;25.99
Home Appliances;Air Conditioner;Remote Control;CoolBreeze;RMT101, RMT102;11.99;100;New;OEM;Plastic;9.99
Home Appliances;Air Conditioner;Remote Control;ClimateMaster;RMT101, RMT107;16.99;80;Used;Aftermarket;Plastic;14.99
Automotive;Car Jack;Hydraulic;LiftMaster;JCK201, JCK202;39.99;50;New;OEM;Steel;34.99
Automotive;Car Jack;Hydraulic;ProLift;JCK201, JCK207;44.99;40;New;Aftermarket;Steel;38.99
Electronics;Printer;Ink Cartridge;PrintMaster;INK301, INK302;18.99;60;New;Aftermarket;Plastic;15.99
Electronics;Printer;Ink Cartridge;InkSense;INK301, INK306;24.99;50;New;OEM;Plastic;20.99
Electronics;Smart TV;Remote Control;SmartLink;RMT201, RMT202;14.99;80;New;OEM;Plastic;12.99
Electronics;Smart TV;Remote Control;VisionTech;RMT201, RMT207;19.99;60;Used;Aftermarket;Plastic;17.99
Home Appliances;Fan;Blade;BreezeFlow;BLD301, BLD302;9.99;120;New;Aftermarket;Plastic;7.99
Home Appliances;Fan;Blade;AirFlow;BLD301, BLD307;14.99;90;New;OEM;Plastic;12.99
Home Appliances;Rice Cooker;Steam Basket;RiceMaster;STM401, STM402;8.99;100;New;OEM;Metal;6.99
Home Appliances;Rice Cooker;Steam Basket;SteamPro;STM401, STM407;12.99;80;Used;Aftermarket;Metal;10.99
Automotive;Car Antenna;AM/FM;SignalX;ANT101, ANT102;9.99;150;New;Aftermarket;Metal;7.99
Automotive;Car Antenna;AM/FM;RadioWave;ANT101, ANT106;14.99;120;New;OEM;Metal;12.99
Automotive;Car Cover;Full Size;ProtectPro;CVR401, CVR402;49.99;60;New;OEM;Polyester;42.99
Automotive;Car Cover;Full Size;Guardian;CVR401, CVR407;54.99;50;New;Aftermarket;Polyester;46.99
Electronics;Bluetooth Speaker;Battery;SoundWave;BTY601, BTY602;24.99;70;New;Aftermarket;Lithium-ion;20.99
Electronics;Bluetooth Speaker;Battery;PowerSound;BTY601, BTY607;29.99;60;New;OEM;Lithium-ion;25.99
Electronics;Camera Lens;Cleaning Kit;LensMaster;CLN501, CLN502;14.99;80;New;Aftermarket;Plastic;12.99
Electronics;Camera Lens;Cleaning Kit;ClearView;CLN501, CLN507;19.99;60;New;OEM;Plastic;17.99
Home Appliances;Iron;Water Tank;SteamMaster;TNK301, TNK302;8.99;100;New;OEM;Plastic;6.99
Home Appliances;Iron;Water Tank;SteamMax;TNK301, TNK306;12.99;90;New;Aftermarket;Plastic;10.99
Home Appliances;Air Fryer;Frying Basket;CrispEase;BKT501, BKT502;9.99;120;New;OEM;Metal;7.99
Home Appliances;Air Fryer;Frying Basket;AirCrisp;BKT501, BKT506;14.99;100;Used;Aftermarket;Metal;12.99
Automotive;Car Thermostat;Engine Cooling;CoolMaster;THM101, THM102;24.99;50;New;Aftermarket;Plastic;20.99
Automotive;Car Thermostat;Engine Cooling;TempSense;THM101, THM107;29.99;40;New;OEM;Plastic;25.99
Automotive;Car Steering Wheel Cover;ComfortGrip;CVR601, CVR602;11.99;100;New;OEM;Leather;9.99
Automotive;Car Steering Wheel Cover;ComfortGrip;DriveEasy;CVR601, CVR607;16.99;80;New;Aftermarket;Leather;14.99
Electronics;Wireless Mouse;Battery;MousePower;BTY701, BTY702;6.99;150;New;Aftermarket;Alkaline;5.99
Electronics;Wireless Mouse;Battery;SwiftMouse;BTY701, BTY707;9.99;120;New;OEM;Alkaline;8.99
Electronics;USB Flash Drive;Storage;DataLink;USB801, USB802;11.99;80;New;Aftermarket;Plastic;9.99
Electronics;USB Flash Drive;Storage;DataPro;USB801, USB807;16.99;60;New;OEM;Plastic;14.99
Home Appliances;Hair Dryer;Nozzle;DryEase;NZZ501, NZZ502;8.99;120;New;OEM;Plastic;6.99
Home Appliances;Hair Dryer;Nozzle;AirBlow;NZZ501, NZZ507;12.99;90;Used;Aftermarket;Plastic;10.99
Home Appliances;Blender;Lid;BlendTight;LID401, LID402;9.99;100;New;OEM;Plastic;7.99
Home Appliances;Blender;Lid;SealBlend;LID401, LID407;14.99;80;New;Aftermarket;Plastic;12.99
Automotive;Car Engine Oil;Synthetic;OilMaster;OIL701, OIL702;29.99;50;New;Aftermarket;Synthetic;25.99
Automotive;Car Engine Oil;Synthetic;PowerLube;OIL701, OIL707;34.99;40;New;OEM;Synthetic;29.99
Automotive;Car Stereo;Wiring Harness;SoundLink;HAR901, HAR902;11.99;100;New;OEM;Plastic;9.99
Automotive;Car Stereo;Wiring Harness;ConnectPro;HAR901, HAR907;16.99;80;New;Aftermarket;Plastic;14.99
Electronics;Keyboard;Keycap;KeyPlus;KEY701, KEY702;6.99;150;New;Aftermarket;Plastic;5.99
Electronics;Keyboard;Keycap;TypeEasy;KEY701, KEY707;9.99;120;New;OEM;Plastic;8.99
Electronics;Phone Case;Silicone;FlexGuard;CAS701, CAS702;12.99;80;New;Aftermarket;Silicone;10.99
Electronics;Phone Case;Silicone;SoftTouch;CAS701, CAS707;16.99;60;New;OEM;Silicone;14.99
Home Appliances;Coffee Grinder;Blade;GrindMaster;BLD501, BLD502;11.99;90;New;Aftermarket;Metal;9.99
Home Appliances;Coffee Grinder;Blade;QuickGrind;BLD501, BLD507;14.99;70;New;OEM;Metal;12.99
Home Appliances;Air Humidifier;Filter;HumidEase;FLT601, FLT602;9.99;100;New;OEM;Paper;7.99
Home Appliances;Air Humidifier;Filter;PureMist;FLT601, FLT607;12.99;90;New;Aftermarket;Paper;10.99
Automotive;Car Exhaust Tip;Chrome;ChromePlus;EXT901, EXT902;14.99;120;New;Aftermarket;Metal;12.99
Automotive;Car Exhaust Tip;Chrome;ShineOn;EXT901, EXT907;19.99;90;New;OEM;Metal;17.99
Automotive;Car Air Filter;Engine;AirMax;FLT701, FLT702;12.99;100;New;Aftermarket;Paper;10.99
Automotive;Car Air Filter;Engine;PureAir;FLT701, FLT707;16.99;80;New;OEM;Paper;14.99
Electronics;USB Cable;Type-C;FastLink;CBT401, CBT402;8.99;100;New;Aftermarket;Nylon;6.99
Electronics;USB Cable;Type-C;SwiftCharge;CBT401, CBT407;12.99;80;New;OEM;Nylon;10.99
Electronics;External Hard Drive;Case;DriveGuard;CAS801, CAS802;14.99;70;New;Aftermarket;Plastic;12.99
Electronics;External Hard Drive;Case;SecureDrive;CAS801, CAS807;19.99;50;New;OEM;Plastic;17.99
Home Appliances;Electric Kettle;Base;KettleLink;BST901, BST902;11.99;100;New;Aftermarket;Metal;9.99
Home Appliances;Electric Kettle;Base;HeatPro;BST901, BST907;14.99;80;Used;OEM;Metal;12.99
Home Appliances;Food Processor;Blade;BlendEase;BLD601, BLD602;12.99;90;New;OEM;Stainless Steel;10.99
Home Appliances;Food Processor;Blade;FoodMaster;BLD601, BLD607;16.99;70;New;Aftermarket;Stainless Steel;14.99
Automotive;Car GPS;Mount;GPSMaster;MNT301, MNT302;9.99;120;New;Aftermarket;Plastic;7.99
Automotive;Car GPS;Mount;SecureGPS;MNT301, MNT307;12.99;90;New;OEM;Plastic;10.99
Automotive;Car Seat Belt Cover;ComfortPads;CVRC901, CVRC902;8.99;100;New;Aftermarket;Velvet;6.99
Automotive;Car Seat Belt Cover;ComfortPads;SoftRide;CVRC901, CVRC907;11.99;80;New;OEM;Velvet;9.99
Electronics;Phone Holder;Car;PhoneLink;PHL701, PHL702;14.99;70;New;Aftermarket;Plastic;12.99
Electronics;Phone Holder;Car;CarMount;PHL701, PHL707;19.99;50;New;OEM;Plastic;17.99
Electronics;Bluetooth Earbuds;Charging Case;ChargerPro;CS801, CS802;12.99;80;New;Aftermarket;Plastic;10.99
Electronics;Bluetooth Earbuds;Charging Case;PowerPod;CS801, CS807;16.99;60;New;OEM;Plastic;14.99
Home Appliances;Food Steamer;Basket;SteamEase;BKT701, BKT702;9.99;120;New;Aftermarket;Plastic;7.99
Home Appliances;Food Steamer;Basket;SteamPlus;BKT701, BKT707;12.99;90;New;OEM;Plastic;10.99
Home Appliances;Electric Toothbrush;Brush Head;BrushPlus;BH701, BH702;8.99;100;New;Aftermarket;Plastic;6.99
Home Appliances;Electric Toothbrush;Brush Head;CleanSmile;BH701, BH707;11.99;80;New;OEM;Plastic;9.99
Automotive;Car Mirror Cover;SnowShield;MRC901, MRC902;14.99;70;New;Aftermarket;Polyester;12.99
Automotive;Car Mirror Cover;SnowShield;FrostGuard;MRC901, MRC907;19.99;50;New;OEM;Polyester;17.99
Automotive;Car Gear Shift Knob;RaceStyle;KNOB901, KNOB902;12.99;80;New;Aftermarket;Metal;10.99
Automotive;Car Gear Shift Knob;RaceStyle;SpeedShift;KNOB901, KNOB907;16.99;60;New;OEM;Metal;14.99
Electronics;Laptop Cooler;Fan;CoolMaster;FAN801, FAN802;14.99;70;New;Aftermarket;Plastic;12.99
Electronics;Laptop Cooler;Fan;CoolSense;FAN801, FAN807;19.99;50;New;OEM;Plastic;17.99
Electronics;Tablet Stand;Adjustable;TabEase;STD901, STD902;12.99;80;New;Aftermarket;Plastic;10.99
Electronics;Tablet Stand;Adjustable;TabPlus;STD901, STD907;16.99;60;New;OEM;Plastic;14.99
Home Appliances;Juicer;Blade;JuiceMaster;BLD701, BLD702;11.99;90;New;OEM;Stainless Steel;9.99
Home Appliances;Juicer;Blade;PowerJuice;BLD701, BLD707;14.99;70;New;Aftermarket;Stainless Steel;12.99
Home Appliances;Hand Mixer;Beater;MixEase;BTR801, BTR802;9.99;100;New;Aftermarket;Metal;7.99
Home Appliances;Hand Mixer;Beater;MixPro;BTR801, BTR807;12.99;80;New;OEM;Metal;10.99
Automotive;Car Sunshade;Front;SunGuard;SUN901, SUN902;8.99;100;New;Aftermarket;Polyester;6.99
Automotive;Car Sunshade;Front;SunBlock;SUN901, SUN907;11.99;80;New;OEM;Polyester;9.99
Automotive;Car Seat Organizer;Back;SeatPlus;ORG901, ORG902;12.99;80;New;Aftermarket;Polyester;10.99
Automotive;Car Seat Organizer;Back;TravelEase;ORG901, ORG907;16.99;60;New;OEM;Polyester;14.99
Electronics;Camera Tripod;Adjustable;TripodLink;TRP901, TRP902;14.99;70;New;Aftermarket;Aluminum;12.99
Electronics;Camera Tripod;Adjustable;ProTripod;TRP901, TRP907;19.99;50;New;OEM;Aluminum;17.99
Electronics;USB Wall Charger;Dual Port;PowerPlug;PWR901, PWR902;12.99;80;New;Aftermarket;Plastic;10.99
Electronics;USB Wall Charger;Dual Port;QuickCharge;PWR901, PWR907;16.99;60;New;OEM;Plastic;14.99
Home Appliances;Can Opener;Blade;OpenEase;BLD801, BLD802;9.99;100;New;Aftermarket;Metal;7.99
Home Appliances;Can Opener;Blade;EZOpen;BLD801, BLD807;12.99;80;New;OEM;Metal;10.99
Home Appliances;Handheld Vacuum;Filter;VacPro;FLT901, FLT902;8.99;120;New;Aftermarket;Paper;6.99
Home Appliances;Handheld Vacuum;Filter;DustMaster;FLT901, FLT907;11.99;90;New;OEM;Paper;9.99
Automotive;Car Door Edge Guard;Protective;EDGE901, EDGE902;14.99;70;New;Aftermarket;Rubber;12.99
Automotive;Car Door Edge Guard;Protective;GuardEase;EDGE901, EDGE907;19.99;50;New;OEM;Rubber;17.99
Automotive;Car Floor Mats;Rubber;FloorGuard;MAT901, MAT902;14.99;70;New;Aftermarket;Rubber;12.99
Automotive;Car Floor Mats;Rubber;SureGrip;MAT901, MAT907;19.99;50;New;OEM;Rubber;17.99
Electronics;Phone Holder;Desk;PhoneEase;PHL801, PHL802;12.99;80;New;Aftermarket;Plastic;10.99
Electronics;Phone Holder;Desk;ViewPro;PHL801, PHL807;16.99;60;New;OEM;Plastic;14.99
Electronics;Bluetooth Speaker;Waterproof;AquaSound;SPK901, SPK902;24.99;50;New;Aftermarket;Plastic;20.99
Electronics;Bluetooth Speaker;Waterproof;SplashTunes;SPK901, SPK907;29.99;40;New;OEM;Plastic;25.99
Home Appliances;Slow Cooker;Lid;CookEase;LID901, LID902;9.99;120;New;Aftermarket;Glass;7.99
Home Appliances;Slow Cooker;Lid;SlowSimmer;LID901, LID907;12.99;90;New;OEM;Glass;10.99
Home Appliances;Air Fryer;Accessories;FrySet;SET901, SET902;16.99;70;New;Aftermarket;Metal;14.99
Home Appliances;Air Fryer;Accessories;CookPro;SET901, SET907;19.99;50;New;OEM;Metal;17.99
Automotive;Car Emergency Kit;Roadside;RoadGuard;KIT901, KIT902;29.99;50;New;Aftermarket;Nylon;25.99
Automotive;Car Emergency Kit;Roadside;SafetyPro;KIT901, KIT907;34.99;40;New;OEM;Nylon;29.99
Automotive;Car Trash Can;Leakproof;TrashEase;CAN901, CAN902;9.99;120;New;Aftermarket;Plastic;7.99
Automotive;Car Trash Can;Leakproof;TidyDrive;CAN901, CAN907;12.99;90;New;OEM;Plastic;10.99
Automotive;Car Seat Cushion;ComfortFoam;CUSH901, CUSH902;14.99;70;New;Aftermarket;Memory Foam;12.99
Automotive;Car Seat Cushion;ComfortFoam;CozyRide;CUSH901, CUSH907;19.99;50;New;OEM;Memory Foam;17.99
Electronics;Wireless Mouse;Rechargeable;PowerMice;MS901, MS902;14.99;70;New;Aftermarket;Plastic;12.99
Electronics;Wireless Mouse;Rechargeable;SwiftMouse;MS901, MS907;19.99;50;New;OEM;Plastic;17.99
Electronics;Power Strip;Surge Protector;PowerGuard;PWR901, PWR902;16.99;60;New;Aftermarket;Plastic;14.99
Electronics;Power Strip;Surge Protector;SafeCharge;PWR901, PWR907;19.99;50;New;OEM;Plastic;17.99
Home Appliances;Blender;Jar;BlendPro;JAR901, JAR902;14.99;70;New;Aftermarket;Glass;12.99
Home Appliances;Blender;Jar;MixMaster;JAR901, JAR907;19.99;50;New;OEM;Glass;17.99
Home Appliances;Vacuum Sealer;Bags;VacPro;BAG901, BAG902;11.99;90;New;Aftermarket;Plastic;9.99
Home Appliances;Vacuum Sealer;Bags;SealFresh;BAG901, BAG907;14.99;70;New;OEM;Plastic;12.99
Automotive;Car Blind Spot Mirror;Adjustable;ViewEase;BSM901, BSM902;12.99;80;New;Aftermarket;Glass;10.99
Automotive;Car Blind Spot Mirror;Adjustable;SpotView;BSM901, BSM907;16.99;60;New;OEM;Glass;14.99
Automotive;Car Jump Starter;Portable;JumpPower;JSP901, JSP902;24.99;50;New;Aftermarket;Plastic;20.99
Automotive;Car Jump Starter;Portable;PowerJump;JSP901, JSP907;29.99;40;New;OEM;Plastic;25.99
Electronics;Earbuds;Noise-Canceling;QuietSounds;EBD901, EBD902;29.99;40;New;Aftermarket;Plastic;25.99
Electronics;Earbuds;Noise-Canceling;SoundBlock;EBD901, EBD907;34.99;30;New;OEM;Plastic;29.99
Electronics;USB Hub;4-Port;HubLink;HUB901, HUB902;14.99;70;New;Aftermarket;Plastic;12.99
Electronics;USB Hub;4-Port;DataMate;HUB901, HUB907;19.99;50;New;OEM;Plastic;17.99
Home Appliances;Handheld Steamer;Wrinkle-Free;SteamEase;STM901, STM902;16.99;60;New;Aftermarket;Plastic;14.99
Home Appliances;Handheld Steamer;Wrinkle-Free;SteamPro;STM901, STM907;19.99;50;New;OEM;Plastic;17.99
Home Appliances;Portable Blender;SmoothieMaker;BlendOn;PNL901, PNL902;24.99;40;New;Aftermarket;Plastic;20.99
Home Appliances;Portable Blender;SmoothieMaker;BlendMaster;PNL901, PNL907;29.99;30;New;OEM;Plastic;25.99
Automotive;Car Seat Organizer;Console;OrganizePlus;ORG901, ORG902;14.99;70;New;Aftermarket;Polyester;12.99
Automotive;Car Seat Organizer;Console;CarGo;ORG901, ORG907;19.99;50;New;OEM;Polyester;17.99
Automotive;Car Window Shade;SunGuard;SUN901, SUN902;8.99;100;New;Aftermarket;Polyester;6.99
Automotive;Car Window Shade;SunGuard;SunScreen;SUN901, SUN907;11.99;80;New;OEM;Polyester;9.99
Automotive;Car Seat Gap Filler;FillEase;GAP901, GAP902;9.99;100;New;Aftermarket;Leather;7.99
Automotive;Car Seat Gap Filler;FillEasy;GapGuard;GAP901, GAP907;12.99;80;New;OEM;Leather;10.99
Electronics;Wireless Charger;Qi-Enabled;ChargePro;CHG901, CHG902;14.99;70;New;Aftermarket;Plastic;12.99
Electronics;Wireless Charger;Qi-Enabled;QuickCharge;CHG901, CHG907;19.99;50;New;OEM;Plastic;17.99
Electronics;USB-C Hub;7-in-1;HubLink;HUB901, HUB902;24.99;40;New;Aftermarket;Plastic;20.99
Electronics;USB-C Hub;7-in-1;DataMate;HUB901, HUB907;29.99;30;New;OEM;Plastic;25.99
Home Appliances;Food Dehydrator;DehyPro;DEH901, DEH902;29.99;40;New;Aftermarket;Plastic;25.99
Home Appliances;Food Dehydrator;DehyMaster;DEH901, DEH907;34.99;30;New;OEM;Plastic;29.99
Home Appliances;Air Purifier;PurifyPro;PUR901, PUR902;24.99;50;New;Aftermarket;Plastic;20.99
Home Appliances;Air Purifier;PurifyAir;PUR901, PUR907;29.99;40;New;OEM;Plastic;25.99
Automotive;Car Trunk Organizer;OrgaPlus;ORG901, ORG902;16.99;60;New;Aftermarket;Polyester;14.99
Automotive;Car Trunk Organizer;TrunkMaster;ORG901, ORG907;19.99;50;New;OEM;Polyester;17.99
Automotive;Car Phone Mount;Vent;VentEase;PHM901, PHM902;9.99;100;New;Aftermarket;Plastic;7.99
Automotive;Car Phone Mount;Vent;VentPro;PHM901, PHM907;12.99;80;New;OEM;Plastic;10.99
Automotive;Car Trash Can;Leakproof;TrashGuard;CAN901, CAN902;12.99;80;New;Aftermarket;Plastic;10.99
Automotive;Car Trash Can;Leakproof;CarBin;CAN901, CAN907;16.99;60;New;OEM;Plastic;14.99
Automotive;Car Floor Mats;All-Weather;FloorGuard;MAT901, MAT902;29.99;30;New;Aftermarket;Rubber;25.99
Automotive;Car Floor Mats;All-Weather;SureGrip;MAT901, MAT907;34.99;20;New;OEM;Rubber;29.99
Electronics;Bluetooth Earbuds;Waterproof;AquaTunes;EBD901, EBD902;34.99;30;New;Aftermarket;Plastic;29.99
Electronics;Bluetooth Earbuds;Waterproof;AquaSound;EBD901, EBD907;39.99;20;New;OEM;Plastic;34.99
Electronics;Wireless Mouse;Rechargeable;PowerMice;MS901, MS902;29.99;40;New;Aftermarket;Plastic;25.99
Electronics;Wireless Mouse;Rechargeable;SwiftMouse;MS901, MS907;34.99;30;New;OEM;Plastic;29.99
Electronics;Power Bank;10000mAh;PowerPro;PWB901, PWB902;24.99;50;New;Aftermarket;Plastic;20.99
Electronics;Power Bank;10000mAh;SwiftCharge;PWB901, PWB907;29.99;40;New;OEM;Plastic;25.99
Home Appliances;Handheld Steamer;Wrinkle-Free;SteamEase;STM901, STM902;16.99;60;New;Aftermarket;Plastic;14.99
Home Appliances;Handheld Steamer;Wrinkle-Free;SteamPro;STM901, STM907;19.99;50;New;OEM;Plastic;17.99
Home Appliances;Air Fryer;Accessories;FrySet;SET901, SET902;16.99;70;New;Aftermarket;Metal;14.99
Home Appliances;Air Fryer;Accessories;CookPro;SET901, SET907;19.99;50;New;OEM;Metal;17.99
Automotive;Car Emergency Kit;Roadside;RoadGuard;KIT901, KIT902;29.99;50;New;Aftermarket;Nylon;25.99
Automotive;Car Emergency Kit;Roadside;SafetyPro;KIT901, KIT907;34.99;40;New;OEM;Nylon;29.99
Automotive;Car Trash Can;Leakproof;TrashEase;CAN901, CAN902;9.99;120;New;Aftermarket;Plastic;7.99
Automotive;Car Trash Can;Leakproof;TidyDrive;CAN901, CAN907;12.99;90;New;OEM;Plastic;10.99
Automotive;Car Seat Cushion;ComfortFoam;CUSH901, CUSH902;14.99;70;New;Aftermarket;Memory Foam;12.99
Automotive;Car Seat Cushion;ComfortFoam;CozyRide;CUSH901, CUSH907;19.99;50;New;OEM;Memory Foam;17.99
Electronics;Wireless Charger;Qi-Enabled;ChargePro;CHG901, CHG902;14.99;70;New;Aftermarket;Plastic;12.99
Electronics;Wireless Charger;Qi-Enabled;QuickCharge;CHG901, CHG907;19.99;50;New;OEM;Plastic;17.99
Electronics;USB-C Hub;7-in-1;HubLink;HUB901, HUB902;24.99;40;New;Aftermarket;Plastic;20.99
Electronics;USB-C Hub;7-in-1;DataMate;HUB901, HUB907;29.99;30;New;OEM;Plastic;25.99
Home Appliances;Food Dehydrator;DehyPro;DEH901, DEH902;29.99;40;New;Aftermarket;Plastic;25.99
Home Appliances;Food Dehydrator;DehyMaster;DEH901, DEH907;34.99;30;New;OEM;Plastic;29.99
Home Appliances;Air Purifier;PurifyPro;PUR901, PUR902;24.99;50;New;Aftermarket;Plastic;20.99
Home Appliances;Air Purifier;PurifyAir;PUR901, PUR907;29.99;40;New;OEM;Plastic;25.99
Automotive;Car Trunk Organizer;OrgaPlus;ORG901, ORG902;16.99;60;New;Aftermarket;Polyester;14.99
Automotive;Car Trunk Organizer;TrunkMaster;ORG901, ORG907;19.99;50;New;OEM;Polyester;17.99
Automotive;Car Phone Mount;Vent;VentEase;PHM901, PHM902;9.99;100;New;Aftermarket;Plastic;7.99
Automotive;Car Phone Mount;Vent;VentPro;PHM901, PHM907;12.99;80;New;OEM;Plastic;10.99
Automotive;Car Trash Can;Leakproof;TrashGuard;CAN901, CAN902;12.99;80;New;Aftermarket;Plastic;10.99
Automotive;Car Trash Can;Leakproof;CarBin;CAN901, CAN907;16.99;60;New;OEM;Plastic;14.99
Automotive;Car Floor Mats;All-Weather;FloorGuard;MAT901, MAT902;29.99;30;New;Aftermarket;Rubber;25.99
Automotive;Car Floor Mats;All-Weather;SureGrip;MAT901, MAT907;34.99;20;New;OEM;Rubber;29.99
Electronics;Bluetooth Earbuds;Waterproof;AquaTunes;EBD901, EBD902;34.99;30;New;Aftermarket;Plastic;29.99
Electronics;Bluetooth Earbuds;Waterproof;AquaSound;EBD901, EBD907;39.99;20;New;OEM;Plastic;34.99
Electronics;Wireless Mouse;Rechargeable;PowerMice;MS901, MS902;29.99;40;New;Aftermarket;Plastic;25.99
Electronics;Wireless Mouse;Rechargeable;SwiftMouse;MS901, MS907;34.99;30;New;OEM;Plastic;29.99
Electronics;Power Bank;10000mAh;PowerPro;PWB901, PWB902;24.99;50;New;Aftermarket;Plastic;20.99
Electronics;Power Bank;10000mAh;SwiftCharge;PWB901, PWB907;29.99;40;New;OEM;Plastic;25.99
Home Appliances;Handheld Steamer;Wrinkle-Free;SteamEase;STM901, STM902;16.99;60;New;Aftermarket;Plastic;14.99
Home Appliances;Handheld Steamer;Wrinkle-Free;SteamPro;STM901, STM907;19.99;50;New;OEM;Plastic;17.99
Home Appliances;Air Fryer;Accessories;FrySet;SET901, SET902;16.99;70;New;Aftermarket;Metal;14.99
Home Appliances;Air Fryer;Accessories;CookPro;SET901, SET907;19.99;50;New;OEM;Metal;17.99
Automotive;Car Emergency Kit;Roadside;RoadGuard;KIT901, KIT902;29.99;50;New;Aftermarket;Nylon;25.99
Automotive;Car Emergency Kit;Roadside;SafetyPro;KIT901, KIT907;34.99;40;New;OEM;Nylon;29.99
Automotive;Car Trash Can;Leakproof;TrashEase;CAN901, CAN902;9.99;120;New;Aftermarket;Plastic;7.99
Automotive;Car Trash Can;Leakproof;TidyDrive;CAN901, CAN907;12.99;90;New;OEM;Plastic;10.99
Automotive;Car Seat Cushion;ComfortFoam;CUSH901, CUSH902;14.99;70;New;Aftermarket;Memory Foam;12.99
Automotive;Car Seat Cushion;ComfortFoam;CozyRide;CUSH901, CUSH907;19.99;50;New;OEM;Memory Foam;17.99
Electronics;Wireless Charger;Qi-Enabled;ChargePro;CHG901, CHG902;14.99;70;New;Aftermarket;Plastic;12.99
Electronics;Wireless Charger;Qi-Enabled;QuickCharge;CHG901, CHG907;19.99;50;New;OEM;Plastic;17.99
Electronics;USB-C Hub;7-in-1;HubLink;HUB901, HUB902;24.99;40;New;Aftermarket;Plastic;20.99
Electronics;USB-C Hub;7-in-1;DataMate;HUB901, HUB907;29.99;30;New;OEM;Plastic;25.99
Home Appliances;Food Dehydrator;DehyPro;DEH901, DEH902;29.99;40;New;Aftermarket;Plastic;25.99
Home Appliances;Food Dehydrator;DehyMaster;DEH901, DEH907;34.99;30;New;OEM;Plastic;29.99
Home Appliances;Air Purifier;PurifyPro;PUR901, PUR902;24.99;50;New;Aftermarket;Plastic;20.99
Home Appliances;Air Purifier;PurifyAir;PUR901, PUR907;29.99;40;New;OEM;Plastic;25.99
Automotive;Car Trunk Organizer;OrgaPlus;ORG901, ORG902;16.99;60;New;Aftermarket;Polyester;14.99
Automotive;Car Trunk Organizer;TrunkMaster;ORG901, ORG907;19.99;50;New;OEM;Polyester;17.99
Automotive;Car Phone Mount;Vent;VentEase;PHM901, PHM902;9.99;100;New;Aftermarket;Plastic;7.99
Automotive;Car Phone Mount;Vent;VentPro;PHM901, PHM907;12.99;80;New;OEM;Plastic;10.99
Automotive;Car Trash Can;Leakproof;TrashGuard;CAN901, CAN902;12.99;80;New;Aftermarket;Plastic;10.99
Automotive;Car Trash Can;Leakproof;CarBin;CAN901, CAN907;16.99;60;New;OEM;Plastic;14.99
Automotive;Car Floor Mats;All-Weather;FloorGuard;MAT901, MAT902;29.99;30;New;Aftermarket;Rubber;25.99
Automotive;Car Floor Mats;All-Weather;SureGrip;MAT901, MAT907;34.99;20;New;OEM;Rubber;29.99
Electronics;Bluetooth Earbuds;Waterproof;AquaTunes;EBD901, EBD902;34.99;30;New;Aftermarket;Plastic;29.99
Electronics;Bluetooth Earbuds;Waterproof;AquaSound;EBD901, EBD907;39.99;20;New;OEM;Plastic;34.99
Electronics;Wireless Mouse;Rechargeable;PowerMice;MS901, MS902;29.99;40;New;Aftermarket;Plastic;25.99
Electronics;Wireless Mouse;Rechargeable;SwiftMouse;MS901, MS907;34.99;30;New;OEM;Plastic;29.99
Electronics;Power Bank;10000mAh;PowerPro;PWB901, PWB902;24.99;50;New;Aftermarket;Plastic;20.99
Electronics;Power Bank;10000mAh;SwiftCharge;PWB901, PWB907;29.99;40;New;OEM;Plastic;25.99
Home Appliances;Handheld Steamer;Wrinkle-Free;SteamEase;STM901, STM902;16.99;60;New;Aftermarket;Plastic;14.99
Home Appliances;Handheld Steamer;Wrinkle-Free;SteamPro;STM901, STM907;19.99;50;New;OEM;Plastic;17.99
Home Appliances;Air Fryer;Accessories;FrySet;SET901, SET902;16.99;70;New;Aftermarket;Metal;14.99
Home Appliances;Air Fryer;Accessories;CookPro;SET901, SET907;19.99;50;New;OEM;Metal;17.99
Automotive;Car Emergency Kit;Roadside;RoadGuard;KIT901, KIT902;29.99;50;New;Aftermarket;Nylon;25.99
Automotive;Car Emergency Kit;Roadside;SafetyPro;KIT901, KIT907;34.99;40;New;OEM;Nylon;29.99
Automotive;Car Trash Can;Leakproof;TrashEase;CAN901, CAN902;9.99;120;New;Aftermarket;Plastic;7.99
Automotive;Car Trash Can;Leakproof;TidyDrive;CAN901, CAN907;12.99;90;New;OEM;Plastic;10.99
Automotive;Car Seat Cushion;ComfortFoam;CUSH901, CUSH902;14.99;70;New;Aftermarket;Memory Foam;12.99
Automotive;Car Seat Cushion;ComfortFoam;CozyRide;CUSH901, CUSH907;19.99;50;New;OEM;Memory Foam;17.99
Electronics;Wireless Charger;Qi-Enabled;ChargePro;CHG901, CHG902;14.99;70;New;Aftermarket;Plastic;12.99
Electronics;Wireless Charger;Qi-Enabled;QuickCharge;CHG901, CHG907;19.99;50;New;OEM;Plastic;17.99
Electronics;USB-C Hub;7-in-1;HubLink;HUB901, HUB902;24.99;40;New;Aftermarket;Plastic;20.99
Electronics;USB-C Hub;7-in-1;DataMate;HUB901, HUB907;29.99;30;New;OEM;Plastic;25.99
Home Appliances;Food Dehydrator;DehyPro;DEH901, DEH902;29.99;40;New;Aftermarket;Plastic;25.99
Home Appliances;Food Dehydrator;DehyMaster;DEH901, DEH907;34.99;30;New;OEM;Plastic;29.99
Home Appliances;Air Purifier;PurifyPro;PUR901, PUR902;24.99;50;New;Aftermarket;Plastic;20.99
Home Appliances;Air Purifier;PurifyAir;PUR901, PUR907;29.99;40;New;OEM;Plastic;25.99
Automotive;Car Trunk Organizer;OrgaPlus;ORG901, ORG902;16.99;60;New;Aftermarket;Polyester;14.99
Automotive;Car Trunk Organizer;TrunkMaster;ORG901, ORG907;19.99;50;New;OEM;Polyester;17.99
Automotive;Car Phone Mount;Vent;VentEase;PHM901, PHM902;9.99;100;New;Aftermarket;Plastic;7.99
Automotive;Car Phone Mount;Vent;VentPro;PHM901, PHM907;12.99;80;New;OEM;Plastic;10.99
Automotive;Car Trash Can;Leakproof;TrashGuard;CAN901, CAN902;12.99;80;New;Aftermarket;Plastic;10.99
Automotive;Car Trash Can;Leakproof;CarBin;CAN901, CAN907;16.99;60;New;OEM;Plastic;14.99
Automotive;Car Floor Mats;All-Weather;FloorGuard;MAT901, MAT902;29.99;30;New;Aftermarket;Rubber;25.99
Automotive;Car Floor Mats;All-Weather;SureGrip;MAT901, MAT907;34.99;20;New;OEM;Rubber;29.99
Electronics;Bluetooth Earbuds;Waterproof;AquaTunes;EBD901, EBD902;34.99;30;New;Aftermarket;Plastic;29.99
Electronics;Bluetooth Earbuds;Waterproof;AquaSound;EBD901, EBD907;39.99;20;New;OEM;Plastic;34.99
Electronics;Wireless Mouse;Rechargeable;PowerMice;MS901, MS902;29.99;40;New;Aftermarket;Plastic;25.99
Electronics;Wireless Mouse;Rechargeable;SwiftMouse;MS901, MS907;34.99;30;New;OEM;Plastic;29.99
Electronics;Power Bank;10000mAh;PowerPro;PWB901, PWB902;24.99;50;New;Aftermarket;Plastic;20.99
Electronics;Power Bank;10000mAh;SwiftCharge;PWB901, PWB907;29.99;40;New;OEM;Plastic;25.99
Home Appliances;Handheld Steamer;Wrinkle-Free;SteamEase;STM901, STM902;16.99;60;New;Aftermarket;Plastic;14.99
Home Appliances;Handheld Steamer;Wrinkle-Free;SteamPro;STM901, STM907;19.99;50;New;OEM;Plastic;17.99
Home Appliances;Air Fryer;Accessories;FrySet;SET901, SET902;16.99;70;New;Aftermarket;Metal;14.99
Home Appliances;Air Fryer;Accessories;CookPro;SET901, SET907;19.99;50;New;OEM;Metal;17.99
Automotive;Car Emergency Kit;Roadside;RoadGuard;KIT901, KIT902;29.99;50;New;Aftermarket;Nylon;25.99
Automotive;Car Emergency Kit;Roadside;SafetyPro;KIT901, KIT907;34.99;40;New;OEM;Nylon;29.99
Automotive;Car Trash Can;Leakproof;TrashEase;CAN901, CAN902;9.99;120;New;Aftermarket;Plastic;7.99
Automotive;Car Trash Can;Leakproof;TidyDrive;CAN901, CAN907;12.99;90;New;OEM;Plastic;10.99
Automotive;Car Seat Cushion;ComfortFoam;CUSH901, CUSH902;14.99;70;New;Aftermarket;Memory Foam;12.99
Automotive;Car Seat Cushion;ComfortFoam;CozyRide;CUSH901, CUSH907;19.99;50;New;OEM;Memory Foam;17.99
Electronics;Wireless Charger;Qi-Enabled;ChargePro;CHG901, CHG902;14.99;70;New;Aftermarket;Plastic;12.99
Electronics;Wireless Charger;Qi-Enabled;QuickCharge;CHG901, CHG907;19.99;50;New;OEM;Plastic;17.99
Electronics;USB-C Hub;7-in-1;HubLink;HUB901, HUB902;24.99;40;New;Aftermarket;Plastic;20.99
Electronics;USB-C Hub;7-in-1;DataMate;HUB901, HUB907;29.99;30;New;OEM;Plastic;25.99
Home Appliances;Food Dehydrator;DehyPro;DEH901, DEH902;29.99;40;New;Aftermarket;Plastic;25.99
Home Appliances;Food Dehydrator;DehyMaster;DEH901, DEH907;34.99;30;New;OEM;Plastic;29.99
Home Appliances;Air Purifier;PurifyPro;PUR901, PUR902;24.99;50;New;Aftermarket;Plastic;20.99
Home Appliances;Air Purifier;PurifyAir;PUR901, PUR907;29.99;40;New;OEM;Plastic;25.99
Automotive;Car Trunk Organizer;OrgaPlus;ORG901, ORG902;16.99;60;New;Aftermarket;Polyester;14.99
Automotive;Car Trunk Organizer;TrunkMaster;ORG901, ORG907;19.99;50;New;OEM;Polyester;17.99
Automotive;Car Phone Mount;Vent;VentEase;PHM901, PHM902;9.99;100;New;Aftermarket;Plastic;7.99
Automotive;Car Phone Mount;Vent;VentPro;PHM901, PHM907;12.99;80;New;OEM;Plastic;10.99
Automotive;Car Trash Can;Leakproof;TrashGuard;CAN901, CAN902;12.99;80;New;Aftermarket;Plastic;10.99
Automotive;Car Trash Can;Leakproof;CarBin;CAN901, CAN907;16.99;60;New;OEM;Plastic;14.99
Automotive;Car Floor Mats;All-Weather;FloorGuard;MAT901, MAT902;29.99;30;New;Aftermarket;Rubber;25.99
Automotive;Car Floor Mats;All-Weather;SureGrip;MAT901, MAT907;34.99;20;New;OEM;Rubber;29.99
Electronics;Bluetooth Earbuds;Waterproof;AquaTunes;EBD901, EBD902;34.99;30;New;Aftermarket;Plastic;29.99
Electronics;Bluetooth Earbuds;Waterproof;AquaSound;EBD901, EBD907;39.99;20;New;OEM;Plastic;34.99
Electronics;Wireless Mouse;Rechargeable;PowerMice;MS901, MS902;29.99;40;New;Aftermarket;Plastic;25.99
Electronics;Wireless Mouse;Rechargeable;SwiftMouse;MS901, MS907;34.99;30;New;OEM;Plastic;29.99
Electronics;Power Bank;10000mAh;PowerPro;PWB901, PWB902;24.99;50;New;Aftermarket;Plastic;20.99
Electronics;Power Bank;10000mAh;SwiftCharge;PWB901, PWB907;29.99;40;New;OEM;Plastic;25.99
Home Appliances;Handheld Steamer;Wrinkle-Free;SteamEase;STM901, STM902;16.99;60;New;Aftermarket;Plastic;14.99
Home Appliances;Handheld Steamer;Wrinkle-Free;SteamPro;STM901, STM907;19.99;50;New;OEM;Plastic;17.99
Home Appliances;Air Fryer;Accessories;FrySet;SET901, SET902;16.99;70;New;Aftermarket;Metal;14.99
Home Appliances;Air Fryer;Accessories;CookPro;SET901, SET907;19.99;50;New;OEM;Metal;17.99
Automotive;Car Emergency Kit;Roadside;RoadGuard;KIT901, KIT902;29.99;50;New;Aftermarket;Nylon;25.99
Automotive;Car Emergency Kit;Roadside;SafetyPro;KIT901, KIT907;34.99;40;New;OEM;Nylon;29.99
Automotive;Car Trash Can;Leakproof;TrashEase;CAN901, CAN902;9.99;120;New;Aftermarket;Plastic;7.99
Automotive;Car Trash Can;Leakproof;TidyDrive;CAN901, CAN907;12.99;90;New;OEM;Plastic;10.99
Automotive;Car Seat Cushion;ComfortFoam;CUSH901, CUSH902;14.99;70;New;Aftermarket;Memory Foam;12.99
Automotive;Car Seat Cushion;ComfortFoam;CozyRide;CUSH901, CUSH907;19.99;50;New;OEM;Memory Foam;17.99
Electronics;Wireless Charger;Qi-Enabled;ChargePro;CHG901, CHG902;14.99;70;New;Aftermarket;Plastic;12.99
Electronics;Wireless Charger;Qi-Enabled;QuickCharge;CHG901, CHG907;19.99;50;New;OEM;Plastic;17.99
Electronics;USB-C Hub;7-in-1;HubLink;HUB901, HUB902;24.99;40;New;Aftermarket;Plastic;20.99
Electronics;USB-C Hub;7-in-1;DataMate;HUB901, HUB907;29.99;30;New;OEM;Plastic;25.99
Home Appliances;Food Dehydrator;DehyPro;DEH901, DEH902;29.99;40;New;Aftermarket;Plastic;25.99
Home Appliances;Food Dehydrator;DehyMaster;DEH901, DEH907;34.99;30;New;OEM;Plastic;29.99
Home Appliances;Air Purifier;PurifyPro;PUR901, PUR902;24.99;50;New;Aftermarket;Plastic;20.99
Home Appliances;Air Purifier;PurifyAir;PUR901, PUR907;29.99;40;New;OEM;Plastic;25.99
Automotive;Car Trunk Organizer;OrgaPlus;ORG901, ORG902;16.99;60;New;Aftermarket;Polyester;14.99
Automotive;Car Trunk Organizer;TrunkMaster;ORG901, ORG907;19.99;50;New;OEM;Polyester;17.99
Automotive;Car Phone Mount;Vent;VentEase;PHM901, PHM902;9.99;100;New;Aftermarket;Plastic;7.99
Automotive;Car Phone Mount;Vent;VentPro;PHM901, PHM907;12.99;80;New;OEM;Plastic;10.99
Automotive;Car Trash Can;Leakproof;TrashGuard;CAN901, CAN902;12.99;80;New;Aftermarket;Plastic;10.99
Automotive;Car Trash Can;Leakproof;CarBin;CAN901, CAN907;16.99;60;New;OEM;Plastic;14.99
Automotive;Car Floor Mats;All-Weather;FloorGuard;MAT901, MAT902;29.99;30;New;Aftermarket;Rubber;25.99
Automotive;Car Floor Mats;All-Weather;SureGrip;MAT901, MAT907;34.99;20;New;OEM;Rubber;29.99
Electronics;Bluetooth Earbuds;Waterproof;AquaTunes;EBD901, EBD902;34.99;30;New;Aftermarket;Plastic;29.99
Electronics;Bluetooth Earbuds;Waterproof;AquaSound;EBD901, EBD907;39.99;20;New;OEM;Plastic;34.99
Electronics;Wireless Mouse;Rechargeable;PowerMice;MS901, MS902;29.99;40;New;Aftermarket;Plastic;25.99
Electronics;Wireless Mouse;Rechargeable;SwiftMouse;MS901, MS907;34.99;30;New;OEM;Plastic;29.99
Electronics;Power Bank;10000mAh;PowerPro;PWB901, PWB902;24.99;50;New;Aftermarket;Plastic;20.99
Electronics;Power Bank;10000mAh;SwiftCharge;PWB901, PWB907;29.99;40;New;OEM;Plastic;25.99
Home Appliances;Handheld Steamer;Wrinkle-Free;SteamEase;STM901, STM902;16.99;60;New;Aftermarket;Plastic;14.99
Home Appliances;Handheld Steamer;Wrinkle-Free;SteamPro;STM901, STM907;19.99;50;New;OEM;Plastic;17.99
Home Appliances;Air Fryer;Accessories;FrySet;SET901, SET902;16.99;70;New;Aftermarket;Metal;14.99
Home Appliances;Air Fryer;Accessories;CookPro;SET901, SET907;19.99;50;New;OEM;Metal;17.99
Automotive;Car Emergency Kit;Roadside;RoadGuard;KIT901, KIT902;29.99;50;New;Aftermarket;Nylon;25.99
Automotive;Car Emergency Kit;Roadside;SafetyPro;KIT901, KIT907;34.99;40;New;OEM;Nylon;29.99
Automotive;Car Trash Can;Leakproof;TrashEase;CAN901, CAN902;9.99;120;New;Aftermarket;Plastic;7.99
Automotive;Car Trash Can;Leakproof;TidyDrive;CAN901, CAN907;12.99;90;New;OEM;Plastic;10.99
Automotive;Car Seat Cushion;ComfortFoam;CUSH901, CUSH902;14.99;70;New;Aftermarket;Memory Foam;12.99
Automotive;Car Seat Cushion;ComfortFoam;CozyRide;CUSH901, CUSH907;19.99;50;New;OEM;Memory Foam;17.99
Electronics;Wireless Charger;Qi-Enabled;ChargePro;CHG901, CHG902;14.99;70;New;Aftermarket;Plastic;12.99
Electronics;Wireless Charger;Qi-Enabled;QuickCharge;CHG901, CHG907;19.99;50;New;OEM;Plastic;17.99
Electronics;USB-C Hub;7-in-1;HubLink;HUB901, HUB902;24.99;40;New;Aftermarket;Plastic;20.99
Electronics;USB-C Hub;7-in-1;DataMate;HUB901, HUB907;29.99;30;New;OEM;Plastic;25.99
Home Appliances;Food Dehydrator;DehyPro;DEH901, DEH902;29.99;40;New;Aftermarket;Plastic;25.99
Home Appliances;Food Dehydrator;DehyMaster;DEH901, DEH907;34.99;30;New;OEM;Plastic;29.99
Home Appliances;Air Purifier;PurifyPro;PUR901, PUR902;24.99;50;New;Aftermarket;Plastic;20.99
Home Appliances;Air Purifier;PurifyAir;PUR901, PUR907;29.99;40;New;OEM;Plastic;25.99
Automotive;Car Trunk Organizer;OrgaPlus;ORG901, ORG902;16.99;60;New;Aftermarket;Polyester;14.99
Automotive;Car Trunk Organizer;TrunkMaster;ORG901, ORG907;19.99;50;New;OEM;Polyester;17.99
Automotive;Car Phone Mount;Vent;VentEase;PHM901, PHM902;9.99;100;New;Aftermarket;Plastic;7.99
Automotive;Car Phone Mount;Vent;VentPro;PHM901, PHM907;12.99;80;New;OEM;Plastic;10.99
Automotive;Car Trash Can;Leakproof;TrashGuard;CAN901, CAN902;12.99;80;New;Aftermarket;Plastic;10.99
Automotive;Car Trash Can;Leakproof;CarBin;CAN901, CAN907;16.99;60;New;OEM;Plastic;14.99
Automotive;Car Floor Mats;All-Weather;FloorGuard;MAT901, MAT902;29.99;30;New;Aftermarket;Rubber;25.99
Automotive;Car Floor Mats;All-Weather;SureGrip;MAT901, MAT907;34.99;20;New;OEM;Rubber;29.99
Electronics;Bluetooth Earbuds;Waterproof;AquaTunes;EBD901, EBD902;34.99;30;New;Aftermarket;Plastic;29.99
Electronics;Bluetooth Earbuds;Waterproof;AquaSound;EBD901, EBD907;39.99;20;New;OEM;Plastic;34.99
Electronics;Wireless Mouse;Rechargeable;PowerMice;MS901, MS902;29.99;40;New;Aftermarket;Plastic;25.99
Electronics;Wireless Mouse;Rechargeable;SwiftMouse;MS901, MS907;34.99;30;New;OEM;Plastic;29.99
Electronics;Power Bank;10000mAh;PowerPro;PWB901, PWB902;24.99;50;New;Aftermarket;Plastic;20.99
Electronics;Power Bank;10000mAh;SwiftCharge;PWB901, PWB907;29.99;40;New;OEM;Plastic;25.99
Home Appliances;Handheld Steamer;Wrinkle-Free;SteamEase;STM901, STM902;16.99;60;New;Aftermarket;Plastic;14.99
Home Appliances;Handheld Steamer;Wrinkle-Free;SteamPro;STM901, STM907;19.99;50;New;OEM;Plastic;17.99
Home Appliances;Air Fryer;Accessories;FrySet;SET901, SET902;16.99;70;New;Aftermarket;Metal;14.99
Home Appliances;Air Fryer;Accessories;CookPro;SET901, SET907;19.99;50;New;OEM;Metal;17.99
Automotive;Car Emergency Kit;Roadside;RoadGuard;KIT901, KIT902;29.99;50;New;Aftermarket;Nylon;25.99
Automotive;Car Emergency Kit;Roadside;SafetyPro;KIT901, KIT907;34.99;40;New;OEM;Nylon;29.99
Automotive;Car Trash Can;Leakproof;TrashEase;CAN901, CAN902;9.99;120;New;Aftermarket;Plastic;7.99
Automotive;Car Trash Can;Leakproof;TidyDrive;CAN901, CAN907;12.99;90;New;OEM;Plastic;10.99
Automotive;Car Seat Cushion;ComfortFoam;CUSH901, CUSH902;14.99;70;New;Aftermarket;Memory Foam;12.99
Automotive;Car Seat Cushion;ComfortFoam;CozyRide;CUSH901, CUSH907;19.99;50;New;OEM;Memory Foam;17.99
Electronics;Wireless Charger;Qi-Enabled;ChargePro;CHG901, CHG902;14.99;70;New;Aftermarket;Plastic;12.99
Electronics;Wireless Charger;Qi-Enabled;QuickCharge;CHG901, CHG907;19.99;50;New;OEM;Plastic;17.99
Electronics;USB-C Hub;7-in-1;HubLink;HUB901, HUB902;24.99;40;New;Aftermarket;Plastic;20.99
Electronics;USB-C Hub;7-in-1;DataMate;HUB901, HUB907;29.99;30;New;OEM;Plastic;25.99

